Vertices,Edges,Single-Threaded Time,Multi-Threaded Time,Start Degree,Single-Threaded End Degree,Multi-Threaded End Degree (avg),Multi-Threaded End Degree (var),Multi-Threaded Correct Rate
64,1000,3.1843533e7,3.6273725e7,41,2,11.318181818181818,2.944214876033058,0.88
128,2000,2.09936743e8,1.89777652e8,41,3,7.65,0.6275000000000001,0.8
256,5000,1.418468615e9,4.89835746e8,54,3,13.666666666666666,3.555555555555555,0.84
512,10000,1.2109005544e10,1.622607781e9,57,3,11.61111111111111,3.904320987654321,0.72
1024,20000,1.06079700758e11,3.576286328e9,57,3,15.4,2.1066666666666665,0.6
2048,50000,1.059846164312e12,1.3458599666e10,72,3,15.444444444444445,1.91358024691358,0.72